"measure","location","sex","age","metric","year","val","upper","lower","age_cat","age_gp_1","age_gp_2","tot_pop","weight"
"Population","Uganda","Female",0,"Number",2019,744763.047222476,814272.791638586,670607.317982566,"<1 year","0 years","<0 years",744763.047222476,1
"Population","Uganda","Female",1,"Number",2019,725668.514303429,793396.140087448,653414.019312974,"12-23 months","1 year","1 year",725668.514303429,1
"Population","Uganda","Female",2,"Number",2019,707295.892877149,773308.77700695,636870.751726141,"2","2 years","2-4 years",2068314.30278214,0.341967317020314
"Population","Uganda","Female",3,"Number",2019,689388.155143255,753729.685843806,620746.079566789,"3","3 years","2-4 years",2068314.30278214,0.333309185270316
"Population","Uganda","Female",4,"Number",2019,671630.254761733,734314.416556174,604756.325520497,"4","4 years","2-4 years",2068314.30278214,0.32472349770937
"Population","Uganda","Female",5,"Number",2019,653531.123548036,714526.068900403,588459.316845997,"5","5-9 years","5-9 years",3108841.76970087,0.210216914195321
"Population","Uganda","Female",6,"Number",2019,636889.253845753,696330.990947622,573474.470794781,"6","5-9 years","5-9 years",3108841.76970087,0.204863837089732
"Population","Uganda","Female",7,"Number",2019,620969.25204123,678925.153801693,559139.616572053,"7","5-9 years","5-9 years",3108841.76970087,0.199742958323987
"Population","Uganda","Female",8,"Number",2019,605728.199087038,662261.632722331,545416.108561072,"8","5-9 years","5-9 years",3108841.76970087,0.194840472419837
"Population","Uganda","Female",9,"Number",2019,591723.94117881,646950.338446538,532806.248456978,"9","5-9 years","5-9 years",3108841.76970087,0.190335817971123
"Population","Uganda","Female",10,"Number",2019,578986.659143733,633024.268619001,521337.211995267,"10","10-14 years","10-14 years",2768644.16013945,0.209122814509529
"Population","Uganda","Female",11,"Number",2019,566506.668129375,619379.503131797,510099.848200437,"11","10-14 years","10-14 years",2768644.16013945,0.204615196234117
"Population","Uganda","Female",12,"Number",2019,553917.148195636,605614.986242745,498763.861232583,"12","10-14 years","10-14 years",2768644.16013945,0.200068017468788
"Population","Uganda","Female",13,"Number",2019,541095.325874459,591596.485869646,487218.702123897,"13","10-14 years","10-14 years",2768644.16013945,0.195436933956585
"Population","Uganda","Female",14,"Number",2019,528138.358796243,577430.2274962,475551.854562225,"14","10-14 years","10-14 years",2768644.16013945,0.19075703783098
"Population","Uganda","Female",15,"Number",2019,514933.258866755,562992.677696232,463661.580628212,"15","15-19 years","15-19 years",2416705.89964347,0.213072372166891
"Population","Uganda","Female",16,"Number",2019,500036.555274362,546705.644571229,450248.135264439,"16","15-19 years","15-19 years",2416705.89964347,0.206908319025551
"Population","Uganda","Female",17,"Number",2019,483843.098155621,529000.830156051,435667.053552928,"17","15-19 years","15-19 years",2416705.89964347,0.200207686929138
"Population","Uganda","Female",18,"Number",2019,467321.404777682,510937.144746814,420790.417922266,"18","15-19 years","15-19 years",2416705.89964347,0.19337123513731
"Population","Uganda","Female",19,"Number",2019,450571.582569048,492624.038933979,405708.368148304,"19","15-19 years","15-19 years",2416705.89964347,0.186440386741109
"Population","Uganda","Female",20,"Number",2019,433734.016340624,474214.999833087,390547.310988034,"20","20-24 years","20-24 years",2012241.87319677,0.215547654642315
"Population","Uganda","Female",21,"Number",2019,417664.495504806,456645.688842061,376077.825278234,"21","20-24 years","20-24 years",2012241.87319677,0.207561775285631
"Population","Uganda","Female",22,"Number",2019,402430.265876402,439989.62791873,362360.461197491,"22","20-24 years","20-24 years",2012241.87319677,0.199991000702652
"Population","Uganda","Female",23,"Number",2019,387086.893748724,423214.238078769,348544.821888151,"23","20-24 years","20-24 years",2012241.87319677,0.192365986865075
"Population","Uganda","Female",24,"Number",2019,371326.201726218,405982.579312691,334353.415042472,"24","20-24 years","20-24 years",2012241.87319677,0.184533582504327
"Population","Uganda","Female",25,"Number",2019,355556.944064471,388741.555464654,320154.295434485,"25","25-29 years","25-29 years",1640205.5847491,0.216775840401044
"Population","Uganda","Female",26,"Number",2019,341041.264204824,372871.107533696,307083.935437874,"26","25-29 years","25-29 years",1640205.5847491,0.207925925491221
"Population","Uganda","Female",27,"Number",2019,327883.125394855,358484.901798167,295235.946725351,"27","25-29 years","25-29 years",1640205.5847491,0.199903675760872
"Population","Uganda","Female",28,"Number",2019,314757.697518316,344134.459951812,283417.411932996,"28","25-29 years","25-29 years",1640205.5847491,0.19190136922163
"Population","Uganda","Female",29,"Number",2019,300966.55356663,329056.169846913,270999.44612247,"29","25-29 years","25-29 years",1640205.5847491,0.183493189125233
"Population","Uganda","Female",30,"Number",2019,286604.482279121,313353.666984283,258067.399959989,"30","30-34 years","30-34 years",1297046.88815816,0.220966940282404
"Population","Uganda","Female",31,"Number",2019,272685.710607389,298135.83749128,245534.514265402,"31","30-34 years","30-34 years",1297046.88815816,0.210235815757293
"Population","Uganda","Female",32,"Number",2019,259269.632164828,283467.618267719,233454.268856124,"32","30-34 years","30-34 years",1297046.88815816,0.199892258739388
"Population","Uganda","Female",33,"Number",2019,245743.108502706,268678.645822593,221274.575209248,"33","30-34 years","30-34 years",1297046.88815816,0.189463550428519
"Population","Uganda","Female",34,"Number",2019,232743.954604113,254466.263275658,209569.74135036,"34","30-34 years","30-34 years",1297046.88815816,0.179441434792397
"Population","Uganda","Female",35,"Number",2019,220546.811577706,241130.744362404,198587.062493651,"35","35-39 years","35-39 years",1004144.16367796,0.219636601551207
"Population","Uganda","Female",36,"Number",2019,209683.924934854,229254.009789017,188805.788698879,"36","35-39 years","35-39 years",1004144.16367796,0.208818546698343
"Population","Uganda","Female",37,"Number",2019,200048.165994199,218718.932409137,180129.4580404,"37","35-39 years","35-39 years",1004144.16367796,0.199222555117451
"Population","Uganda","Female",38,"Number",2019,191270.571590711,209122.113225566,172225.84485334,"38","35-39 years","35-39 years",1004144.16367796,0.190481186376794
"Population","Uganda","Female",39,"Number",2019,182594.689580489,199636.499390754,164413.816601259,"39","35-39 years","35-39 years",1004144.16367796,0.181841110256206
"Population","Uganda","Female",40,"Number",2019,174040.93647547,190284.412917362,156711.756932973,"40","40-44 years","40-44 years",795646.887960002,0.218741428024311
"Population","Uganda","Female",41,"Number",2019,166106.226893248,181609.146137609,149567.10289603,"41","40-44 years","40-44 years",795646.887960002,0.208768775956802
"Population","Uganda","Female",42,"Number",2019,158680.475306509,173490.339092739,142880.73013068,"42","40-44 years","40-44 years",795646.887960002,0.199435802122419
"Population","Uganda","Female",43,"Number",2019,151778.435424313,165944.122475472,136665.923325656,"43","40-44 years","40-44 years",795646.887960002,0.190761049557381
"Population","Uganda","Female",44,"Number",2019,145040.81386046,158577.669561,130599.163779291,"44","40-44 years","40-44 years",795646.887960002,0.182292944339087
"Population","Uganda","Female",45,"Number",2019,138260.081688289,151164.082466717,124493.586128928,"45","45-49 years","45-49 years",624611.001432933,0.221353900861662
"Population","Uganda","Female",46,"Number",2019,131420.537450251,143686.194296765,118335.052304244,"46","45-49 years","45-49 years",624611.001432933,0.210403814772324
"Population","Uganda","Female",47,"Number",2019,124521.157842792,136142.886241281,112122.640891572,"47","45-49 years","45-49 years",624611.001432933,0.19935793246857
"Population","Uganda","Female",48,"Number",2019,118011.675564286,129025.865160806,106261.304902194,"48","45-49 years","45-49 years",624611.001432933,0.188936274406875
"Population","Uganda","Female",49,"Number",2019,112397.548887315,122887.764433443,101206.174350674,"49","45-49 years","45-49 years",624611.001432933,0.179948077490569
"Population","Uganda","Female",50,"Number",2019,107098.239394548,117093.86320469,96434.5147747087,"50","50-54 years","50-54 years",486247.344228719,0.220254651600055
"Population","Uganda","Female",51,"Number",2019,101806.749694513,111308.511600521,91669.8963781506,"51","50-54 years","50-54 years",486247.344228719,0.209372351135405
"Population","Uganda","Female",52,"Number",2019,96943.3261852506,105991.178184776,87290.7218099125,"52","50-54 years","50-54 years",486247.344228719,0.199370397259488
"Population","Uganda","Female",53,"Number",2019,92058.047892652,100649.950249151,82891.868529509,"53","50-54 years","50-54 years",486247.344228719,0.189323497568246
"Population","Uganda","Female",54,"Number",2019,88340.9810617548,96585.9645339767,79544.9084090704,"54","50-54 years","50-54 years",486247.344228719,0.181679102436807
"Population","Uganda","Female",55,"Number",2019,85258.3361955807,93215.6122451902,76769.2011371974,"55","55-59 years","55-59 years",387304.441288917,0.220132606566163
"Population","Uganda","Female",56,"Number",2019,81485.6968372017,89090.8673432385,73372.2018214106,"56","55-59 years","55-59 years",387304.441288917,0.210391847214621
"Population","Uganda","Female",57,"Number",2019,77479.6342976825,84710.9135583421,69765.021168025,"57","55-59 years","55-59 years",387304.441288917,0.200048401303731
"Population","Uganda","Female",58,"Number",2019,73573.8773558986,80440.6270285405,66248.1587280991,"58","55-59 years","55-59 years",387304.441288917,0.189963939249059
"Population","Uganda","Female",59,"Number",2019,69506.8966025531,75994.0694503719,62586.1254606604,"59","55-59 years","55-59 years",387304.441288917,0.179463205666426
"Population","Uganda","Female",60,"Number",2019,65301.9535003693,71396.6733103969,58799.8666948138,"60","60-64 years","60-64 years",286134.627431327,0.228221079310094
"Population","Uganda","Female",61,"Number",2019,61158.7990262434,66866.8326148654,55069.2442904894,"61","60-64 years","60-64 years",286134.627431327,0.213741341183606
"Population","Uganda","Female",62,"Number",2019,57060.6186728657,62386.1635357155,51379.1179534795,"62","60-64 years","60-64 years",286134.627431327,0.199418781239821
"Population","Uganda","Female",63,"Number",2019,52849.2118318755,57781.7003874324,47587.0390404581,"63","60-64 years","60-64 years",286134.627431327,0.184700510757159
"Population","Uganda","Female",64,"Number",2019,49764.0443999736,54408.5900984403,44809.060373618,"64","60-64 years","60-64 years",286134.627431327,0.173918287509319
"Population","Uganda","Female",65,"Number",2019,47632.7896171686,52078.4224187201,42890.0136927111,"65","65-69 years","65-69 years",210527.033582758,0.226254979261104
"Population","Uganda","Female",66,"Number",2019,46288.7539173022,50608.9460456997,41679.8030366889,"66","65-69 years","65-69 years",210527.033582758,0.219870831453606
"Population","Uganda","Female",67,"Number",2019,45676.10712104,49939.1200937526,41128.1572126322,"67","65-69 years","65-69 years",210527.033582758,0.216960769093271
"Population","Uganda","Female",68,"Number",2019,45887.6524931816,50170.4092821386,41318.6391050577,"68","65-69 years","65-69 years",210527.033582758,0.217965606184933
"Population","Uganda","Female",69,"Number",2019,25041.7304340652,27378.9090692037,22548.3363422225,"69","65-69 years","65-69 years",210527.033582758,0.118947814007085
"Population","Uganda","Female",70,"Number",2019,36075.8053382314,39442.8091363089,32483.7532583778,"70","70-74 years","70-74 years",158403.360738621,0.227746464279628
"Population","Uganda","Female",71,"Number",2019,34677.6089483449,37914.1171826763,31224.7746684337,"71","70-74 years","70-74 years",158403.360738621,0.218919654145255
"Population","Uganda","Female",72,"Number",2019,32396.5330785136,35420.145410857,29170.8245202795,"72","70-74 years","70-74 years",158403.360738621,0.204519228174525
"Population","Uganda","Female",73,"Number",2019,28437.6115918945,31091.7324172081,25606.0911058784,"73","70-74 years","70-74 years",158403.360738621,0.179526567235016
"Population","Uganda","Female",74,"Number",2019,26815.8017816364,29318.556899665,24145.7641855363,"74","70-74 years","70-74 years",158403.360738621,0.169288086165576
"Population","Uganda","Female",75,"Number",2019,23839.0189372415,26063.9468786025,21465.3783004672,"75","75-79 years","75-79 years",102602.667983234,0.232343070661058
"Population","Uganda","Female",76,"Number",2019,22185.9909929358,24256.6395962578,19976.9416219622,"76","75-79 years","75-79 years",102602.667983234,0.216232106133548
"Population","Uganda","Female",77,"Number",2019,20464.358902802,22374.3252501903,18426.7316822731,"77","75-79 years","75-79 years",102602.667983234,0.199452502601064
"Population","Uganda","Female",78,"Number",2019,18976.7240069318,20747.8473736137,17087.219939072,"78","75-79 years","75-79 years",102602.667983234,0.184953514172096
"Population","Uganda","Female",79,"Number",2019,17136.5751433225,18735.9549230016,15430.2938889466,"79","75-79 years","75-79 years",102602.667983234,0.167018806432234
"Population","Uganda","Female",80,"Number",2019,15084.4959187546,16492.3523636585,13582.5392907459,"80","80-84 years","80-84 years",59065.7184926316,0.255384956006864
"Population","Uganda","Female",81,"Number",2019,13337.9283040648,14582.7752267384,12009.8766457202,"81","80-84 years","80-84 years",59065.7184926316,0.225815052190192
"Population","Uganda","Female",82,"Number",2019,11816.0769415638,12918.887414334,10639.5553544304,"82","80-84 years","80-84 years",59065.7184926316,0.200049660668022
"Population","Uganda","Female",83,"Number",2019,10171.6553064462,11120.9896796762,9158.86805869061,"83","80-84 years","80-84 years",59065.7184926316,0.172209118352046
"Population","Uganda","Female",84,"Number",2019,8655.56202180221,9463.39735433789,7793.73151597654,"84","80-84 years","80-84 years",59065.7184926316,0.146541212782876
"Population","Uganda","Female",85,"Number",2019,7312.95337655656,7995.48122487974,6584.80582337376,"85","85-89 years","85-89 years",25891.3014995956,0.282448272315348
"Population","Uganda","Female",86,"Number",2019,6098.41448916348,6667.58777732022,5491.19803912919,"86","85-89 years","85-89 years",25891.3014995956,0.235539124568872
"Population","Uganda","Female",87,"Number",2019,4983.11425826147,5448.19506453912,4486.94776197075,"87","85-89 years","85-89 years",25891.3014995956,0.192462872456964
"Population","Uganda","Female",88,"Number",2019,4147.34506491406,4534.4223998365,3734.39573982976,"88","85-89 years","85-89 years",25891.3014995956,0.160182950439121
"Population","Uganda","Female",89,"Number",2019,3349.47431070002,3662.08528694726,3015.96862589648,"89","85-89 years","85-89 years",25891.3014995956,0.129366780219694
"Population","Uganda","Female",90,"Number",2019,2775.00228925661,3033.99701328287,2498.69653111019,"90","90-94 years","90-94 years",8846.61717164447,0.313679481706426
"Population","Uganda","Female",91,"Number",2019,2179.65293581402,2383.08289793323,1962.62585109493,"91","90-94 years","90-94 years",8846.61717164447,0.246382644747004
"Population","Uganda","Female",92,"Number",2019,1684.36807291981,1841.57242763095,1516.65628428903,"92","90-94 years","90-94 years",8846.61717164447,0.190396853423093
"Population","Uganda","Female",93,"Number",2019,1263.3890540491,1381.30286646578,1137.59396127949,"93","90-94 years","90-94 years",8846.61717164447,0.142810413238924
"Population","Uganda","Female",94,"Number",2019,944.204819604927,1032.32873489847,850.190760756589,"94","90-94 years","90-94 years",8846.61717164447,0.106730606884554
"Population","Uganda","Female",95,"Number",2019,2526.44998827252,2762.24698923791,2274.89247348011,"95+ years","95+ years","95+ years",2526.44998827252,1
